{
  "embedder": {
    "client_class": "OpenAIClient",
    "batch_size": 500,
    "model_kwargs": {
      "model": "text-embedding-3-small",
      "dimensions": 256,
      "encoding_format": "float"
    }
  },
  "embedder_ollama": {
    "client_class": "OllamaClient",
    "model_kwargs": {
      "model": "nomic-embed-text"
    }
  },
  "embedder_google": {
    "client_class": "GoogleEmbedderClient",
    "batch_size": 100,
    "model_kwargs": {
      "model": "text-embedding-004",
      "task_type": "SEMANTIC_SIMILARITY"
    }
  },
  "embedder_bedrock": {
    "client_class": "BedrockClient",
    "batch_size": 100,
    "model_kwargs": {
      "model": "amazon.titan-embed-text-v2:0",
      "dimensions": 256
    }
  },
  "retriever": {
    "top_k": 20
  },
  "text_splitter": {
    "split_by": "word",
    "chunk_size": 350,
    "chunk_overlap": 100
  }
}
